pair,dataset,pr,prompt_before,prompt_after,findings_before,findings_after,same_key,same_issue,ac_compared,ac_same_verdict,dropped_before,dropped_after,corrected_before,corrected_after,recall_same,adjudicated_0922,adjudicated_in_before,adjudicated_in_after
0925A-0925B,demo,mall#8,review-4,review-4,2,3,1,2,4,2,0,0,0,0,1,0,0,0
0925A-0925B,demo,mall#9,review-4,review-4,0,3,0,0,4,0,5,1,0,3,1,0,0,0
0925A-0925B,demo,mall#10,review-4,review-4,5,6,5,5,5,5,0,0,0,0,1,0,0,0
0925A-0925B,demo,mall#11,review-4,review-4,4,4,4,4,4,1,0,0,0,0,1,0,0,0
0925A-0925B,demo,tenant#1,review-4,review-4,3,1,1,1,4,4,0,0,0,0,1,0,0,0
0925A-0925B,demo,tenant#2,review-4,review-4,4,4,2,4,4,4,0,0,0,0,1,0,0,0
0925A-0925B,demo,tenant#3,review-4,review-4,5,5,4,5,5,1,0,0,0,0,1,0,0,0
0925A-0925B,demo,tenant#4,review-4,review-4,5,5,2,5,5,2,0,0,0,0,1,0,0,0
0925A-0925B,demo,tenant#5,review-4,review-4,3,3,3,3,4,4,0,0,0,0,1,0,0,0
0925A-0925B,demo,payment#1,review-4,review-4,2,6,2,2,5,5,0,0,0,0,1,0,0,0
0925A-0925B,demo,payment#2,review-4,review-4,4,4,3,4,4,4,0,0,0,0,1,0,0,0
0925A-0925B,demo,payment#3,review-4,review-4,4,4,3,4,4,4,0,0,4,4,1,0,0,0
0925A-0925B,demo,payment#4,review-4,review-4,1,3,1,1,4,4,0,0,0,0,1,0,0,0
0925A-0925B,demo,payment#5,review-4,review-4,4,4,4,4,4,3,0,0,0,0,1,0,0,0
0925A-0925B,halo,halo#1,review-4,review-4,0,0,0,0,3,2,0,0,2,1,1,0,0,0
0925A-0925B,halo,halo#2,review-4,review-4,0,0,0,0,3,3,0,0,0,0,1,0,0,0
0925A-0925B,halo,halo#3,review-4,review-4,2,1,1,1,3,3,0,0,5,5,1,1,1,1
0925A-0925B,halo,halo#4,review-4,review-4,1,0,0,0,3,2,0,0,6,2,1,0,0,0
0925A-0925B,halo,halo#5,review-4,review-4,1,1,1,1,4,4,0,0,3,5,0,1,1,1
0925A-0925B,halo,halo#6,review-4,review-4,0,0,0,0,4,4,0,0,3,5,1,0,0,0
0925A-0925B,halo,halo#7,review-4,review-4,1,1,1,1,4,3,0,0,4,4,1,1,1,1
0925A-0925B,halo,halo#8,review-4,review-4,0,1,0,0,5,4,0,0,7,3,0,0,0,0
0925A-0925B,halo,halo#9,review-4,review-4,1,2,0,1,4,4,0,0,9,7,0,1,0,0
0925A-0925B,halo,halo#10,review-4,review-4,0,1,0,0,5,4,0,0,8,3,1,0,0,0
0925A-0925B,halo,halo#11,review-4,review-4,2,2,2,2,6,5,0,0,8,8,1,1,1,1
0925A-0925B,halo,halo#12,review-4,review-4,0,1,0,0,4,1,0,0,4,2,1,1,0,0
0925A-0925B,halo,halo#13,review-4,review-4,1,2,0,0,5,3,0,0,10,3,1,0,0,0
0925A-0925B,halo,halo#14,review-4,review-4,1,0,0,0,4,4,0,0,9,2,0,0,0,0
0925A-0925B,halo,halo#15,review-4,review-4,0,0,0,0,4,4,0,0,12,2,1,0,0,0
0925A-0925B,halo,halo#16,review-4,review-4,1,1,0,1,4,4,0,0,7,1,1,1,1,1
0925A-0925B,halo,halo#17,review-4,review-4,2,1,0,1,4,3,0,0,4,6,1,1,0,0
0925A-0925B,halo,halo#18,review-4,review-4,0,1,0,0,4,3,0,0,6,5,1,0,0,0
0925A-0925B,halo,halo#19,review-4,review-4,0,0,0,0,5,5,0,0,6,6,1,1,0,0
0925A-0925B,halo,halo#20,review-4,review-4,0,1,0,0,5,4,0,0,8,9,1,0,0,0
0925A-0925B,halo,halo#21,review-4,review-4,0,0,0,0,5,4,0,0,0,1,1,0,0,0
0925A-0925B,halo,halo#22,review-4,review-4,2,0,0,0,4,4,0,0,10,8,1,1,1,0
0925A-0925B,halo,halo#24,review-4,review-4,1,0,0,0,6,3,0,0,7,5,1,1,0,0
0922-0923,demo,mall#8,review-2,review-3,2,2,0,2,4,4,0,0,4,0,1,0,0,0
0922-0923,demo,mall#9,review-2,review-3,4,0,0,0,4,4,0,4,0,0,1,0,0,0
0922-0923,demo,mall#10,review-2,review-3,5,5,2,5,5,2,0,0,0,0,1,0,0,0
0922-0923,demo,mall#11,review-2,review-3,4,5,0,4,4,0,0,0,0,0,1,0,0,0
0922-0923,demo,tenant#1,review-2,review-3,1,2,0,0,4,4,0,0,0,0,1,0,0,0
0922-0923,demo,tenant#2,review-2,review-3,3,4,1,3,4,4,0,0,0,0,1,0,0,0
0922-0923,demo,tenant#3,review-2,review-3,6,5,0,5,5,4,0,0,0,0,1,0,0,0
0922-0923,demo,tenant#4,review-2,review-3,5,5,4,5,5,4,0,0,0,0,1,0,0,0
0922-0923,demo,tenant#5,review-2,review-3,3,3,0,3,4,4,0,0,0,0,1,0,0,0
0922-0923,demo,payment#1,review-2,review-3,5,5,3,5,5,5,0,0,0,0,1,0,0,0
0922-0923,demo,payment#2,review-2,review-3,4,4,3,4,4,4,1,0,0,0,1,0,0,0
0922-0923,demo,payment#3,review-2,review-3,4,4,4,4,4,4,0,0,4,0,1,0,0,0
0922-0923,demo,payment#4,review-2,review-3,3,3,3,3,4,3,0,0,0,0,1,0,0,0
0922-0923,demo,payment#5,review-2,review-3,4,3,1,3,4,3,0,0,0,0,1,0,0,0
0922-0923,halo,halo#1,review-2,review-3,0,0,0,0,3,3,0,0,0,1,0,0,0,0
0922-0923,halo,halo#2,review-2,review-3,0,0,0,0,3,3,0,1,0,0,0,0,0,0
0922-0923,halo,halo#3,review-2,review-3,1,2,0,1,3,3,0,0,6,5,0,1,1,1
0922-0923,halo,halo#4,review-2,review-3,0,1,0,0,3,3,2,0,6,6,1,0,0,0
0922-0923,halo,halo#5,review-2,review-3,1,1,0,0,4,2,0,1,4,6,0,1,1,0
0922-0923,halo,halo#6,review-2,review-3,0,0,0,0,4,4,0,0,5,8,0,0,0,0
0922-0923,halo,halo#7,review-2,review-3,1,0,0,0,4,3,0,0,4,1,0,1,1,0
0922-0923,halo,halo#8,review-2,review-3,0,1,0,0,5,4,0,0,6,7,0,0,0,0
0922-0923,halo,halo#9,review-2,review-3,1,0,0,0,4,3,0,1,6,10,0,1,1,0
0922-0923,halo,halo#10,review-2,review-3,0,1,0,0,5,4,0,0,7,6,0,0,0,0
0922-0923,halo,halo#11,review-2,review-3,1,0,0,0,6,5,1,0,7,6,0,1,1,0
0922-0923,halo,halo#12,review-2,review-3,1,1,0,0,4,4,0,0,1,4,0,1,1,0
0922-0923,halo,halo#13,review-2,review-3,0,1,0,0,5,3,2,0,8,7,0,0,0,0
0922-0923,halo,halo#14,review-2,review-3,0,0,0,0,4,4,0,2,8,6,0,0,0,0
0922-0923,halo,halo#15,review-2,review-3,0,0,0,0,4,3,1,0,6,5,0,0,0,0
0922-0923,halo,halo#16,review-2,review-3,1,1,1,1,4,3,0,0,4,5,0,1,1,1
0922-0923,halo,halo#17,review-2,review-3,1,1,0,0,4,2,0,0,5,3,0,1,1,0
0922-0923,halo,halo#18,review-2,review-3,0,0,0,0,4,4,0,1,5,10,0,0,0,0
0922-0923,halo,halo#19,review-2,review-3,1,0,0,0,5,3,0,0,3,5,1,1,1,0
0922-0923,halo,halo#20,review-2,review-3,0,0,0,0,5,3,2,1,3,7,1,0,0,0
0922-0923,halo,halo#21,review-2,review-3,0,0,0,0,5,1,0,0,3,0,1,0,0,0
0922-0923,halo,halo#22,review-2,review-3,1,1,1,1,4,4,1,1,5,5,1,1,1,1
0922-0923,halo,halo#24,review-2,review-3,1,0,0,0,6,5,0,1,6,10,1,1,1,0
0920-0922,demo,mall#8,review-2,review-2,3,2,1,2,4,3,0,0,0,4,1,0,0,0
0920-0922,demo,mall#9,review-2,review-2,5,4,3,4,4,4,0,0,0,0,1,0,0,0
0920-0922,demo,mall#10,review-2,review-2,5,5,0,5,5,5,0,0,0,0,1,0,0,0
0920-0922,demo,mall#11,review-2,review-2,4,4,0,4,4,3,0,0,0,0,1,0,0,0
0920-0922,demo,tenant#1,review-2,review-2,1,1,0,1,4,4,0,0,0,0,1,0,0,0
0920-0922,demo,tenant#2,review-2,review-2,2,3,0,2,4,3,0,0,0,0,1,0,0,0
0920-0922,demo,tenant#3,review-2,review-2,6,6,1,6,5,5,0,0,0,0,1,0,0,0
0920-0922,demo,tenant#4,review-2,review-2,5,5,0,5,5,4,0,0,0,0,1,0,0,0
0920-0922,demo,tenant#5,review-2,review-2,3,3,0,3,4,4,0,0,0,0,1,0,0,0
0920-0922,demo,payment#1,review-2,review-2,2,5,2,2,5,5,0,0,0,0,1,0,0,0
0920-0922,demo,payment#2,review-2,review-2,4,4,3,4,4,4,0,1,0,0,1,0,0,0
0920-0922,demo,payment#3,review-2,review-2,4,4,4,4,4,4,0,0,0,4,1,0,0,0
0920-0922,demo,payment#4,review-2,review-2,3,3,3,3,4,3,0,0,0,0,1,0,0,0
0920-0922,demo,payment#5,review-2,review-2,4,4,4,4,4,3,0,0,0,0,1,0,0,0
